<?xml version="1.0" encoding="UTF-8" standalone="yes"?>
<addon id="script.module.python.koding.aio"
   name="Python Koding AIO"
   version="Team Kepweng 1.0"
   provider-name="Total Revolution">
  <requires>
    <import addon="xbmc.python" version="2.1.0"/>
    <import addon="script.module.resolveurl" />
    <!--import addon="script.module.urlresolver" version="1.2.0"/-->
    <import addon="script.module.requests" version="2.22.0"/>
    <import addon="script.module.beautifulsoup" version="3.2.1"/>
    <import addon="script.module.unidecode" version="1.1.1"/ />
  </requires>
  <extension point="xbmc.python.module" library="lib" />
  <extension point="xbmc.addon.metadata">
    <platform>all</platform>
    <summary lang="en">Python Koding All In One</summary>
    <description lang="en">Python Koding AIO contains a bunch of time saving modules that allows for quick and simple development.</description>
    <disclaimer lang="en"></disclaimer>
    <language></language>
    <license>Creative Commons 4.0-NC-ND</license>
    <forum></forum>
    <website></website>
    <news></news>
    <source></source>
  </extension>
</addon>
