<?xml version="1.0" encoding="UTF-8"?>
    <addon id="repository.teamkepweng" name="[COLOR crimson]Team[COLOR silver] Kepweng[/COLOR]" version="0.0.1" provider-name="Team Kepweng">
        <extension point="xbmc.addon.repository" name="Team Kepweng">
        
            
          <dir>
                 <info compressed="false">https://raw.githubusercontent.com/jsergio123/zips/master/addons.xml</info>
                 <checksum>https://raw.githubusercontent.com/jsergio123/zips/master/addons.xml.md5</checksum>
                 <datadir zip="true">https://raw.githubusercontent.com/jsergio123/zips/master/</datadir>
           </dir>
	
	<info compressed="false">https://raw.githubusercontent.com/pinoytracker/repository.iamkepweng/master/zips/addons.xml</info>

	<checksum>https://raw.githubusercontent.com/pinoytracker/repository.iamkepweng/master/zips/addons.xml.md5</checksum>

	<datadir zip="true">https://raw.githubusercontent.com/pinoytracker/repository.iamkepweng/master/zips/</datadir>

			
            
        </extension>
        <extension point="xbmc.addon.metadata">
            <summary>NOT FOR SALE</summary>
            <description>NOT FOR SALE</description>
            <platform>all</platform>
            <forum></forum>
            <website></website>
            <assets>
		<icon>icon.png</icon>
                                 <screenshot></screenshot>
		<screenshot></screenshot>
		<screenshot></screenshot>
		<screenshot></screenshot>
		<screenshot></screenshot>
	  </assets>

    </extension>
</addon>