<?xml version="1.0" encoding="UTF-8"?>
	<addon id="repository.teamkepweng" name="[COLOR crimson]Team[COLOR silver] Kepweng[/COLOR]" version="0.0.2"provider-name="Team Kepweng">
		<extension point="xbmc.addon.repository" name="Team Kepweng">
			<dir>
				<info compressed="false">http://github.com/pinoytracker/repository.iamkepweng/raw/master/zips/addons.xml</info>
				<checksum>http://github.com/pinoytracker/repository.iamkepweng/raw/master/zips/addons.xml.md5</checksum>
				<datadir zip="true">http://github.com/pinoytracker/repository.iamkepweng/raw/master/zips/</datadir>
			<dir>            
			<dir>
				 <info compressed="false">https://raw.githubusercontent.com/jsergio123/zips/master/addons.xml</info>
				 <checksum>https://raw.githubusercontent.com/jsergio123/zips/master/addons.xml.md5</checksum>
				 <datadir zip="true">https://raw.githubusercontent.com/jsergio123/zips/master/</datadir>
			</dir>
			<dir>
				<info compressed="false">https://raw.githubusercontent.com/totalrevolution/python-koding/master/zips/addons.xml</info>

				<checksum>https://raw.githubusercontent.com/totalrevolution/python-koding/master/zips/addons.xml.md5</checksum>

				<datadir zip="true">https://raw.githubusercontent.com/totalrevolution/python-koding/master/zips/</datadir>

			</dir>


			<dir>
				<info compressed="false">http://github.com/cmik/cmik.xbmc/raw/master/addons.xml</info>
				<checksum>http://github.com/cmik/cmik.xbmc/raw/master/addons.xml.md5</checksum>
				<datadir zip="true">http://github.com/cmik/cmik.xbmc/raw/master/downloads</datadir>
			</dir>

			<dir>
				<info compressed="false">https://raw.githubusercontent.com/jenaddon/repository.jenrepo/master/zips/addons.xml</info>
				<checksum>https://raw.githubusercontent.com/jenaddon/repository.jenrepo/master/zips/addons.xml.md5</checksum>
				<datadir zip="true">https://raw.githubusercontent.com/jenaddon/repository.jenrepo/master/zips/</datadir>
				<hashes>false</hashes>
			</dir>
	
			
		</extension>
		<extension point="xbmc.addon.metadata">
			<summary>NOT FOR SALE</summary>
			<description>NOT FOR SALE</description>
			<platform>all</platform>
			<forum></forum>
			<website></website>
			<assets>
				<icon>icon.png</icon>
				<screenshot></screenshot>
				<screenshot></screenshot>
				<screenshot></screenshot>
				<screenshot></screenshot>
				<screenshot></screenshot>
			</assets>

		</extension>
	</addon>