﻿<?xml version="1.0" encoding="UTF-8" standalone="yes"?>
<addon 	id="plugin.video.sineserye" name="SINESERYE" version="0.12" provider-name="Team Kempweng">
<requires>
<import addon="xbmc.python" version="2.1.0"/>
<import addon="script.module.requests" version="2.22.0"/>
<import addon="script.module.python.koding.aio" version="7.20.77"/>
<import addon="script.module.resolveurl" version="5.0.45"/>
</requires>
<extension point="xbmc.python.pluginsource"
			library="Sineserye.py">
		<provides>video</provides>
</extension>
<extension point="xbmc.addon.metadata">
	<summary lang="en"></summary>
	<description lang="en"></description>
	<platform>all</platform>
	<language>en</language>
	<license></license>	
</extension>
</addon>