<?xml version="1.0" encoding="UTF-8" standalone="yes"?>
	<addon 	id="plugin.video.dramacool" name="DRAMA COOL" version="0.0.5" provider-name="MANG_KEPWENG">
		<requires>
			<import addon="xbmc.python" version="2.1.0"/>
			<import addon="script.module.addon.common" />
			<import addon="script.module.requests" />
    
		</requires>
		<extension point="xbmc.python.pluginsource" library="default.py">
			<provides>video</provides>
		</extension>
		<extension point="xbmc.addon.metadata">
			<summary lang="en">KOREAN DRAMA SERIES WITH SUBTITLES </summary>
			<description lang="en">WATCH YOUR FAVORITE KOREAN DRAMA TV SHOWS ENJOY!!</description>
			<platform>all</platform>
			<language>en</language>
			<license>GNU PUBLIC LICENSE. version 2, june 1991</license>
		</extension>
	</addon>