﻿<?xml version="1.0" encoding="UTF-8" standalone="yes"?>
<addon 	id="plugin.video.PinoyReplay"
		name="Pinoy Replay"
		version="0.16"
		provider-name="Kepweng">
<requires>
<import addon="xbmc.python" version="2.1.0"/>
<import addon="script.module.resolveurl" version="5.0.15"/>
<import addon="script.module.urlresolver"  version="4.0.16"/>

</requires>
<extension point="xbmc.python.pluginsource"
			library="PinoyReplay.py">
		<provides>video</provides>
</extension>
<extension point="xbmc.addon.metadata">
<summary lang="en">Personal Project </summary>
<description lang="en">Personal Project !!!</description>
<platform>all</platform>
<language>en</language>
<license>GNU PUBLIC LICENSE. version 2, june 1991</license>
</extension>
</addon>