<?xml version="1.0" encoding="UTF-8" standalone="yes"?>
<addon id="script.module.js2py"
       name="js2py"
       version="1.0"
       provider-name="PiotrDabkowski">
  <requires>
    <import addon="xbmc.python" version="2.7.8"/>
  </requires>
  <extension point="xbmc.python.module"
             library="lib" />
  <extension point="xbmc.addon.metadata">
    <summary>JavaScript to Python Translator JavaScript interpreter written in 100% pure Python</summary>
    <description>Packed for XBMC from https://github.com/PiotrDabkowski/Js2Py</description>
    <license>LGPL</license>
    <platform>all</platform>
    <source>https://github.com/PiotrDabkowski/Js2Py/tree/master</source>
  </extension>
</addon>
