<?xml version="1.0" encoding="UTF-8"?>
<addon id="plugin.video.tv5" name="TV 5 Live" provider-name="Team Kepweng" version="0.0.1">
    <requires>
        <import addon="xbmc.python" version="2.1.0" />
    </requires>
    <extension library="default.py" point="xbmc.python.pluginsource">
        <provides>video</provides>
    </extension>
    <extension point="xbmc.addon.metadata">
        <summary>TV 5 Live</summary>
        <description></description>
        <platform>all</platform>
        <forum></forum>
        <website></website>
    </extension>
</addon>
