<?xml version="1.0" encoding="UTF-8" standalone="yes"?>
<addon 	id="plugin.video.sineserye"
		name="SINESERYE"
		version="0.0.2"
		provider-name="Team Kempweng">
<requires>
<import addon="xbmc.python" version="2.1.0"/>
                <import addon="script.module.resolveurl" version="5.0.15"/>
	<import addon="script.module.addon.common" />
	<import addon="script.module.requests" />
    <import addon="script.module.urlresolver"  version="4.0.16"/>
</requires>
<extension point="xbmc.python.pluginsource"
			library="default.py">
		<provides>video</provides>
</extension>
<extension point="xbmc.addon.metadata">
<summary lang="en">PINOY TELESERYE</summary>
<description lang="en">WATCH YOUR FAVORITE PINOY TELESERYE AND MOVIES </description>
<platform>all</platform>
<language>en</language>
<license>GNU PUBLIC LICENSE. version 2, june 1991</license>
</extension>
</addon>